country_long,,estimated_generation_gwh
Albania,2,1980.712788259958
Albania,1,1650.5939902166315
Albania,6,825.2969951083159
Albania,0,89.13207547169813
Albania,5,82.52969951083159
Albania,4,79.22851153039831
Albania,3,16.505939902166322
Albania,7,0.0
Algeria,15,4966.730351143026
Algeria,24,4966.730351143026
Algeria,36,4966.730351143026
Algeria,28,4056.1631201001373
Algeria,26,3476.711245800119
Algeria,33,3373.237696817972
Algeria,29,2781.3689966400952
Algeria,18,2483.365175571513
Algeria,39,2483.365175571513
Algeria,22,2433.6978720600832
Angola,43,3401.6610433428496
Angola,47,1880.657414170928
Angola,42,1177.4980534648325
Angola,40,739.2929145361577
Angola,48,599.8648648648649
Angola,45,527.2325785244706
Angola,53,367.70094959824684
Angola,49,324.2512783053324
Angola,50,261.66623410329606
Angola,52,104.66649364131844
Argentina,284,6409.1258646500755
Argentina,232,6290.998095360777
Argentina,248,5788.887877748456
Argentina,185,4961.90389521296
Argentina,182,4506.559611220502
Argentina,93,4485.37779945161
Argentina,94,4469.5689350582425
Argentina,57,4341.665908311342
Argentina,265,3907.499317480208
Argentina,84,3480.016684762273
Armenia,285,2465.0
Armenia,286,1890.6214396685655
Armenia,288,1158.0435233160624
Armenia,292,936.7944070429828
Armenia,287,461.5841532884516
Armenia,289,350.9222797927461
Armenia,291,326.15129533678754
Armenia,290,156.88290155440416
Australia,444,5685.922583233053
Australia,400,2436.823964242737
Australia,453,2042.6172526551763
Australia,411,2039.896988786868
Australia,471,2030.6866368689475
Australia,455,2017.399755708816
Australia,440,1949.4591713941895
Australia,396,1843.8634662770044
Australia,445,1799.1883602658872
Australia,330,1689.5312818749646
Austria,540,3607.1515966534757
Austria,566,3323.6923076923076
Austria,528,2594.184367456267
Austria,521,2470.6517785297783
Austria,522,2371.825707388587
Austria,519,1936.9909943673458
Austria,542,1754.1627627561422
Austria,590,1617.068181818182
Austria,560,1457.684549332569
Austria,512,1447.8019422184498
Azerbaijan,599,7574.811715481172
Azerbaijan,605,5098.430962343095
Azerbaijan,604,3884.518828451882
Azerbaijan,602,2903.677824267782
Azerbaijan,597,1039.1087866108787
Azerbaijan,596,1019.6861924686192
Azerbaijan,594,844.8828451882846
Azerbaijan,600,844.8828451882846
Azerbaijan,603,540.5544147843941
Azerbaijan,601,536.5503080082136
Bahrain,610,7928.463691576445
Bahrain,608,5539.852125693161
Bahrain,614,4334.754423026142
Bahrain,612,3464.206231845788
Bahrain,609,3460.608925270663
Bahrain,613,2518.114602587801
Bahrain,611,7.0
Bangladesh,616,8614.412113607848
Bangladesh,634,4941.924717691342
Bangladesh,630,4497.882856165164
Bangladesh,645,4466.538724763317
Bangladesh,626,2888.8841108703086
Bangladesh,654,2800.075738565073
Bangladesh,657,2716.491388160146
Bangladesh,642,2664.251169157066
Bangladesh,622,1795.71875
Bangladesh,660,1781.3914680050186
Belarus,676,10087.12599373645
Belarus,670,4633.517224765117
Belarus,678,4243.973741267165
Belarus,679,3198.35702240424
Belarus,673,2230.649000240906
Belarus,677,2222.448084798844
Belarus,682,2070.7311491206933
Belarus,680,1414.6579137557214
Belarus,681,799.58925560106
Belarus,671,738.0823897855938
Belgium,702,16550.631138411693
Belgium,739,11680.991832326436
Belgium,738,5471.377029261871
Belgium,724,4402.0
Belgium,732,2648.9917355371904
Belgium,705,2326.5677680377607
Belgium,711,2326.5677680377607
Belgium,692,2256.52056641942
Belgium,737,2111.4227916385707
Belgium,727,2026.3654753877274
Bolivia,764,2036.0350097776764
Bolivia,773,971.4795618082055
Bolivia,757,887.7112642630667
Bolivia,763,698.069146209489
Bolivia,755,523.5518596571168
Bolivia,770,468.1438432420396
Bolivia,762,467.8226728180592
Bolivia,760,270.66132264529057
Bolivia,774,256.1258071698953
Bolivia,769,246.06937403884487
Bosnia and Herzegovina,793,4163.050561797752
Bosnia and Herzegovina,784,2566.2640449438204
Bosnia and Herzegovina,779,1710.8426966292136
Bosnia and Herzegovina,794,1710.8426966292136
Bosnia and Herzegovina,777,1130.2199047834958
Bosnia and Herzegovina,795,847.6649285876217
Bosnia and Herzegovina,778,581.2559510315123
Bosnia and Herzegovina,790,565.1099523917479
Bosnia and Herzegovina,781,484.3799591929268
Bosnia and Herzegovina,791,484.3799591929268
Brazil,2898,32510.42324226601
Brazil,1833,26663.498851301938
Brazil,1892,14284.017241768897
Brazil,2654,13590.76627163505
Brazil,1799,13118.441434840557
Brazil,1026,12674.51490031406
Brazil,3114,12044.283338259536
Brazil,851,10432.311557788946
Brazil,2290,9379.45708163513
Brazil,1856,7924.772765733385
Brunei Darussalam,3139,1872.7064846416379
Brunei Darussalam,3138,974.4163822525596
Brunei Darussalam,3137,837.3890784982933
Brunei Darussalam,3136,776.4880546075087
Bulgaria,3146,15867.0
Bulgaria,3149,7024.2045688413245
Bulgaria,3150,3981.259518419428
Bulgaria,3140,2937.7135213006786
Bulgaria,3141,2762.327639431982
Bulgaria,3153,2278.259448416752
Bulgaria,3157,1331.0
Bulgaria,3142,1052.3152912121836
Bulgaria,3152,988.8278855975486
Bulgaria,3154,789.2364684091377
Cambodia,3169,692.1089108910893
Cambodia,3164,688.6424642464248
Cambodia,3172,501.20132013201317
Cambodia,3161,393.21892189218926
Cambodia,3171,244.48844884488446
Cambodia,3162,183.02238805970146
Cambodia,3168,170.8910891089109
Cambodia,3166,113.47388059701493
Cambodia,3170,30.503731343283576
Cambodia,3163,24.448844884488448
Cameroon,3180,3184.589019358933
Cameroon,3175,1240.0596635988572
Cameroon,3177,896.0
Cameroon,3178,643.3513170422087
Cameroon,3176,275.9050214091086
Cameroon,3174,243.83106267029973
Cameroon,3173,183.13195796029584
Cameroon,3179,183.13195796029584
Canada,3433,28252.82166409429
Canada,4021,26629.34675210389
Canada,3385,25737.90850612891
Canada,3313,25608.84102708012
Canada,3312,24324.621860530377
Canada,3934,16317.137645573172
Canada,4186,14179.4144494474
Canada,3694,13177.16428491751
Canada,3811,13020.688422592111
Canada,3525,12944.821337828284
Chile,4573,5383.088303881293
Chile,4422,4084.203964210624
Chile,4489,3641.0486654804076
Chile,4343,3196.063982343497
Chile,4568,2624.101047005326
Chile,4349,2568.749335385103
Chile,4525,2486.475819032761
Chile,4500,2054.0452418096725
Chile,4546,1837.8434183215206
Chile,4584,1730.4127322050274
China,7035,92452.5703250953
China,4625,53622.490788555275
China,7221,51773.439382053366
China,5039,30141.21843472656
China,4969,28935.569697337494
China,7187,26494.852153609532
China,6334,25886.719691026683
China,6520,24037.66828452477
China,7107,22562.854942566737
China,5309,21787.79503995949
Colombia,7641,9253.420675231551
Colombia,7635,8911.801613385122
Colombia,7634,7426.501344487601
Colombia,7642,6089.731102479833
Colombia,7640,4901.490887361817
Colombia,7633,4158.840752913056
Colombia,7643,3849.2714453584017
Colombia,7639,2940.89453241709
Colombia,7645,2809.381120250685
Colombia,7630,2272.5094114132057
Congo,7658,703.5714285714287
Congo,7654,521.6438356164383
Congo,7656,321.68036529680364
Congo,7652,84.42857142857143
Congo,7653,65.20547945205479
Congo,7659,43.47031963470321
Congo,7655,0.0
Congo,7657,0.0
Costa Rica,7661,1086.7257318952234
Costa Rica,7667,931.4791987673344
Costa Rica,7672,889.0173410404625
Costa Rica,7662,815.0442989214175
Costa Rica,7679,693.4345146379045
Costa Rica,7680,620.9861325115562
Costa Rica,7666,527.8382126348229
Costa Rica,7676,524.2391467467038
Costa Rica,7685,504.0337442218799
Costa Rica,7669,447.2076321149105
Cote DIvoire,7688,2820.745033112583
Cote DIvoire,7693,2014.8178807947022
Cote DIvoire,7690,959.4370860927153
Cote DIvoire,7692,670.6677796327211
Cote DIvoire,7691,555.6961602671118
Cote DIvoire,7689,526.9532554257096
Cote DIvoire,7687,95.8096828046745
Cote DIvoire,7686,63.87312186978297
Croatia,7717,2935.3854686633395
Croatia,7708,2368.0
Croatia,7704,1332.7324828988721
Croatia,7710,1214.6422628951746
Croatia,7716,564.8951529735305
Croatia,7713,528.594318111789
Croatia,7714,506.10094287298944
Croatia,7694,427.37412953719115
Croatia,7696,427.37412953719115
Croatia,7707,337.400628581993
Cuba,7725,2345.6900136636373
Cuba,7726,2345.6900136636373
Cuba,7720,2111.1210122972734
Cuba,7727,2111.1210122972734
Cuba,7722,1792.1071704390185
Cuba,7721,1617.9367396593673
Cuba,7719,1548.1554090180005
Cuba,7728,1407.4140081981823
Cuba,7718,1313.5864076516368
Cuba,7729,1176.0632603406325
Cyprus,7730,3091.9666666666667
Cyprus,7731,941.0333333333333
Cyprus,7732,0.0
Democratic Republic of the Congo,7735,5186.00106002385
Democratic Republic of the Congo,7741,759.6395918908175
Democratic Republic of the Congo,7742,666.1454882734861
Democratic Republic of the Congo,7747,438.25361070624086
Democratic Republic of the Congo,7734,350.60288856499267
Democratic Republic of the Congo,7745,236.6569497813701
Democratic Republic of the Congo,7746,219.12680535312043
Democratic Republic of the Congo,7739,216.2051146150788
Democratic Republic of the Congo,7738,198.6749701868292
Democratic Republic of the Congo,7740,198.6749701868292
Denmark,7750,3711.645763795185
Denmark,7761,3407.0
Denmark,7764,1944.0627086144448
Denmark,7774,1922.6993821461544
Denmark,7752,1771.8923167616429
Denmark,7751,1711.01748870112
Denmark,7781,1587.093731577913
Denmark,7769,1556.656317547652
Denmark,7773,1538.1595057169236
Denmark,7763,1486.1444499680424
Dominican Republic,7795,4924.061757719715
Dominican Republic,7785,3993.0
Dominican Republic,7787,2117.346555819477
Dominican Republic,7788,2110.688524590164
Dominican Republic,7793,1146.2757719714964
Dominican Republic,7796,973.3610451306413
Dominican Republic,7797,669.6199744594653
Dominican Republic,7790,608.0
Dominican Republic,7794,569.1769782905455
Dominican Republic,7791,480.9548693586697
Ecuador,7803,5281.287642272426
Ecuador,7812,3872.944270999777
Ecuador,7802,2590.011969392553
Ecuador,7805,2580.275082289574
Ecuador,7806,1869.4823237720689
Ecuador,7817,1714.6580545244476
Ecuador,7804,1240.1922670610604
Ecuador,7811,1018.478390971658
Ecuador,7807,1000.376082822734
Ecuador,7808,668.3399307485147
Egypt,7818,17335.0
Egypt,7820,14591.114457831323
Egypt,7819,4539.4578313253005
Egypt,7821,4429.213855421685
Egypt,7822,4429.213855421685
El Salvador,7824,1710.0000000000002
El Salvador,7826,832.4607843137254
El Salvador,7830,798.0
El Salvador,7825,725.5392156862746
El Salvador,7823,659.67099936075
El Salvador,7827,622.3311314724058
El Salvador,7828,363.8806733432773
El Salvador,7829,72.11719582356702
Estonia,7832,104.32529686937748
Estonia,7840,97.80496581504137
Estonia,7838,84.9816480748471
Estonia,7842,78.24397265203311
Estonia,7831,52.16264843468874
Estonia,7847,52.16264843468874
Estonia,7836,40.780141843971634
Estonia,7839,39.99136379992803
Estonia,7834,31.975556762629004
Estonia,7835,28.21985815602837
Ethiopia,7856,4509.9538372764
Ethiopia,7851,1109.4004091695956
Ethiopia,7855,1012.9308083722394
Ethiopia,7859,723.522005980171
Ethiopia,7854,443.7601636678383
Ethiopia,7848,392.0
Ethiopia,7858,368.99622304988725
Ethiopia,7852,323.17316267114313
Ethiopia,7853,241.1740019933904
Ethiopia,7860,203.55085768242145
Finland,7968,15080.232558139536
Finland,7947,8499.767441860464
Finland,7956,4982.9626865671635
Finland,8035,2028.462686567164
Finland,7873,1869.7134328358206
Finland,8013,1499.2985074626865
Finland,8001,1437.562686567164
Finland,8044,1391.6558390936027
Finland,7888,1079.7138923402395
Finland,8024,1012.1856139127884
France,8691,37749.85015048313
France,9331,36781.90527482972
France,8329,35952.238238555365
France,8341,25304.844606367813
France,9868,25304.844606367813
France,8168,25166.566766988755
France,8332,25028.288927609694
France,8175,24751.73324885157
France,8549,24613.45540947252
France,8333,20741.675906858865
Gabon,10066,639.0
Gabon,10063,488.07295251204397
Gabon,10065,444.7552447552448
Gabon,10064,432.92704748795586
Gabon,10067,190.13286713286718
Gabon,10062,160.11188811188813
Georgia,10074,4197.528472921671
Georgia,10071,1368.192
Georgia,10084,826.5902223599597
Georgia,10083,710.3509723405904
Georgia,10078,488.64
Georgia,10086,419.75284729216696
Georgia,10077,364.86209033857597
Georgia,10075,361.6332222824824
Georgia,10076,355.1754861702952
Georgia,10070,258.30944448748744
Germany,10585,22362.88497001164
Germany,10742,20456.047884888707
Germany,10553,16639.17597633805
Germany,10204,15416.584193130415
Germany,11066,13825.98924666224
Germany,10537,12911.696804225225
Germany,10137,12868.223077611674
Germany,10777,12763.886133739146
Germany,10197,12524.110949931863
Germany,10736,12333.267354504329
Greece,11069,8221.195195195196
Greece,11092,6442.942942942945
Greece,11126,3195.6996996996995
Greece,11074,3092.612612612613
Greece,11109,3092.612612612613
Greece,11132,2279.5688622754487
Greece,11105,2135.7125748502995
Greece,11086,1700.936936936937
Greece,11078,1128.7185628742516
Greece,11110,1055.7802113352543
Guatemala,11149,1443.4299325129018
Guatemala,11172,972.5620412443201
Guatemala,11218,452.2747121873761
Guatemala,11205,450.6204124432016
Guatemala,11145,433.0289797538707
Guatemala,11192,408.9718142119889
Guatemala,11183,371.6850357913874
Guatemala,11199,327.6585946804288
Guatemala,11147,305.03806385637995
Guatemala,11173,288.68598650258036
Honduras,11232,2104.8110575703777
Honduras,11236,1515.2279829959039
Honduras,11243,1310.5427339589146
Honduras,11230,453.8676134922648
Honduras,11242,453.8676134922648
Honduras,11247,404.06079546557436
Honduras,11223,398.0
Honduras,11225,271.96000000000004
Honduras,11244,151.5227982995904
Honduras,11231,150.91098148617806
Hungary,11262,15649.0
Hungary,11260,4526.613065326634
Hungary,11261,1280.1507537688442
Hungary,11263,1235.2045477616487
Hungary,11254,1201.8940547490947
Hungary,11256,609.882245457314
Hungary,11251,573.2835921903021
Hungary,11252,307.23618090452266
Hungary,11257,247.32683653097823
Hungary,11258,156.11613034209725
Iceland,11269,4644.133640071108
Iceland,11270,1950.513986013986
Iceland,11267,1817.2696852452161
Iceland,11271,1413.4319774129458
Iceland,11276,1098.881118881119
Iceland,11266,1009.5942695806757
Iceland,11278,1009.5942695806757
Iceland,11277,915.7342657342656
Iceland,11280,807.6754156645405
Iceland,11281,695.9580419580418
India,11480,17592.233009879787
India,11508,14513.592233150825
India,11591,14513.592233150825
India,11745,11728.155339919858
India,11643,9675.728155433884
India,11289,8796.116504939893
India,11441,8796.116504939893
India,11653,8796.116504939893
India,11716,7916.504854445904
India,11733,7623.300970947907
Indonesia,11869,21967.67667814407
Indonesia,11881,13947.731224218456
Indonesia,11830,6938.1087431693995
Indonesia,11887,5431.410629666246
Indonesia,11886,5415.001534108343
Indonesia,11837,5184.907103825137
Indonesia,11765,5168.865100739781
Indonesia,11839,4543.3846994535525
Indonesia,11857,4307.387583949818
Indonesia,11858,4061.2511505812568
Iran,11943,14429.692392705838
Iran,11999,10513.061600399971
Iran,11929,10009.6528035648
Iran,11966,9853.41851959056
Iran,11981,9360.577051615295
Iran,11997,8415.893056071296
Iran,12006,7235.460042628213
Iran,11965,7070.54927242586
Iran,12003,6837.913108057928
Iran,11937,6732.714444857036
Iraq,12036,17371.241721854305
Iraq,12032,10588.185430463576
Iraq,12030,6617.615894039735
Iraq,12037,5955.854304635762
Iraq,12042,5294.092715231788
Iraq,12035,4136.009933774835
Iraq,12029,2559.2391427314433
Iraq,12044,2337.0624096536985
Iraq,12053,1947.5520080447488
Iraq,12043,1558.041606435799
Ireland,12098,6484.0
Ireland,12056,1846.6058226134055
Ireland,12101,1678.732566012187
Ireland,12114,1556.3249830737982
Ireland,12057,1521.3513879485442
Ireland,12077,1451.4041976980366
Ireland,12085,1412.9332430602572
Ireland,12112,1358.7241706161135
Ireland,12084,1199.5943127962084
Ireland,12111,712.3358024691357
Israel,12139,16126.495867768595
Israel,12144,14009.504132231405
Israel,12125,4578.576359492023
Israel,12128,4012.6489742754798
Israel,12140,3411.550960599153
Israel,12122,2685.757082383588
Israel,12151,2669.7704330836864
Israel,12127,2378.813415825464
Israel,12130,2302.077499185933
Israel,12143,1368.457180071638
Italy,12265,15178.0
Italy,12186,13628.868175765645
Italy,12378,10221.651131824236
Italy,12264,8365.767805313108
Italy,12255,6711.185086551264
Italy,12171,5038.551264980027
Italy,12223,4790.161519047114
Italy,12310,4524.541660378148
Italy,12327,4502.031502863829
Italy,12217,4276.929927720637
Jamaica,12405,2158.6769616026713
Jamaica,12401,760.9724540901503
Jamaica,12408,403.7813021702837
Jamaica,12406,397.5692821368949
Jamaica,12404,119.0
Jamaica,12403,58.81081081081082
Jamaica,12402,44.1081081081081
Jamaica,12407,33.08108108108108
Jamaica,12400,0.0
Japan,12433,39746.04007477126
Japan,12450,37932.23269040669
Japan,12503,37869.14373790706
Japan,12448,34451.930720497185
Japan,12663,28390.02862483661
Japan,12647,24115.75209298621
Japan,12422,22712.02289986929
Japan,12649,18098.64324833334
Japan,12485,17646.110856840027
Japan,12445,16805.81986365717
Jordan,12741,16858.0
Jordan,12745,355.933937133724
Jordan,12740,224.40063931806068
Jordan,12739,214.04368673415024
Jordan,12742,197.81779435269047
Jordan,12738,128.77144379328718
Jordan,12743,123.24773574853491
Jordan,12744,51.78476291955248
Kazakhstan,12753,19055.709604234937
Kazakhstan,12751,15129.75
Kazakhstan,12746,11671.622132593899
Kazakhstan,12763,5978.728888328711
Kazakhstan,12764,5859.630703302244
Kazakhstan,12762,5043.25
Kazakhstan,12754,4763.927401058734
Kazakhstan,12765,4073.157927905218
Kazakhstan,12757,2896.467859843711
Kazakhstan,12770,2846.5837320574165
Kenya,12787,995.9084880636605
Kenya,12775,948.4844625573102
Kenya,12788,753.6604774535809
Kenya,12791,753.6604774535809
Kenya,12790,748.2771883289125
Kenya,12778,708.2017320427916
Kenya,12789,565.2453580901856
Kenya,12796,446.84156902699954
Kenya,12777,397.0988283239938
Kenya,12782,370.26102610261023
Kuwait,12798,7161.65548977244
Kuwait,12801,6620.67600101013
Kuwait,12800,3137.310923426583
Kuwait,12799,1428.6299840062854
Kuwait,12797,1357.075114341031
Kuwait,12802,1079.49156822582
Kuwait,12803,888.2673475686747
Kuwait,12804,310.8935716490362
Kyrgyzstan,12811,5483.711340206185
Kyrgyzstan,12807,3655.807560137457
Kyrgyzstan,12810,2056.3917525773195
Kyrgyzstan,12809,1096.7422680412371
Kyrgyzstan,12806,1073.0
Kyrgyzstan,12812,822.5567010309279
Kyrgyzstan,12805,182.79037800687286
Kyrgyzstan,12808,84.0
Latvia,12817,2014.816183816184
Latvia,12814,1160.5703125
Latvia,12816,521.8671875
Latvia,12815,322.1838161838162
Latvia,12813,311.5625
Lebanon,12824,10099.518004069716
Lebanon,12821,5459.83588427851
Lebanon,12820,1099.823055825887
Lebanon,12818,549.9115279129435
Lebanon,12822,549.9115279129435
Lebanon,12819,0.0
Lebanon,12823,0.0
Libya,12834,10259.57142857143
Libya,12826,4931.926977687625
Libya,12827,3604.7142857142853
Libya,12833,3604.7142857142853
Libya,12831,3561.947261663286
Libya,12825,3424.949290060852
Libya,12835,2137.1683569979714
Libya,12830,1712.474645030426
Libya,12828,1643.975659229209
Libya,12829,1198.7322515212982
Lithuania,12837,1264.3373493975905
Lithuania,12840,978.4172661870504
Lithuania,12842,252.8674698795181
Lithuania,12838,119.40963855421688
Lithuania,12841,112.38554216867468
Lithuania,12839,109.58273381294964
Malaysia,12862,17945.006151953246
Malaysia,12884,13926.698554290986
Malaysia,12855,13404.585146286572
Malaysia,12889,9015.433712703783
Malaysia,12876,7217.427456864216
Malaysia,12881,6868.90187634574
Malaysia,12867,6292.40030007502
Malaysia,12854,6010.289141802523
Malaysia,12883,5932.359789947486
Malaysia,12846,4586.362190547637
Mexico,13090,17502.411572214787
Mexico,13041,9677.0
Mexico,12925,8819.239922653578
Mexico,13119,7602.062381690566
Mexico,13031,7559.348505131638
Mexico,12900,7508.292449229186
Mexico,13052,7501.723874659445
Mexico,12899,6938.975002142228
Mexico,13133,6583.988829252712
Mexico,12893,6015.465528014996
Moldova,13145,3640.0
Moldova,13144,1001.0
Moldova,13146,364.0
Moldova,13148,237.75
Moldova,13147,79.25
Moldova,13149,0.0
Mongolia,13153,3519.2537313432845
Mongolia,13152,1222.4776119402984
Mongolia,13150,222.26865671641792
Mongolia,13151,170.0
Montenegro,13156,1422.0
Montenegro,13155,945.6071964017993
Montenegro,13154,806.3928035982009
Morocco,13171,11270.673721340389
Morocco,13183,2873.463844797178
Morocco,13162,2689.0756302521013
Morocco,13188,1673.8624338624338
Morocco,13160,1586.5546218487393
Morocco,13166,1453.87881126978
Morocco,13174,1324.3697478991596
Morocco,13172,959.5600154380548
Morocco,13173,673.6305158883314
Morocco,13167,566.5281101247908
Mozambique,13200,14688.457330415757
Mozambique,13202,1175.0765864332604
Mozambique,13201,311.4660831509848
Myanmar,13231,2559.4121532364597
Myanmar,13225,1943.8573315719946
Myanmar,13219,1093.4282166396026
Myanmar,13220,907.1334214002644
Myanmar,13226,777.5429326287979
Myanmar,13203,733.0723087209856
Myanmar,13206,733.0723087209856
Myanmar,13205,544.2800528401584
Myanmar,13211,484.9116439010411
Myanmar,13227,437.37128665584106
Namibia,13243,1485.0
Namibia,13242,5.555926544240401
Namibia,13237,5.2737896494156935
Namibia,13238,2.1702838063439063
Namibia,13239,0.0
Namibia,13240,0.0
Namibia,13241,0.0
Namibia,13244,0.0
Nepal,13248,977.8940765301547
Nepal,13253,475.3651760910475
Nepal,13252,468.5742450040326
Nepal,13249,407.4558652208979
Nepal,13250,407.4558652208979
Nepal,13245,305.59189891567337
Nepal,13251,217.30979478447892
Nepal,13256,162.98234608835918
Nepal,13247,101.86396630522448
Nepal,13254,100.50578008782148
Netherlands,13269,13638.501932989693
Netherlands,13270,10343.369890329013
Netherlands,13295,7253.580541237115
Netherlands,13294,7111.066799601196
Netherlands,13293,6723.190428713859
Netherlands,13273,5527.327963917524
Netherlands,13297,4868.917525773196
Netherlands,13307,4813.588917525774
Netherlands,13281,4428.2552342971085
Netherlands,13258,4091.0
New Zealand,13325,5636.435897435898
New Zealand,13331,4436.827711941659
New Zealand,13338,3815.671832269827
New Zealand,13319,2994.85870556062
New Zealand,13320,2395.886964448496
New Zealand,13326,1962.0
New Zealand,13332,1952.2041932543302
New Zealand,13335,1503.90990990991
New Zealand,13351,1438.5225225225226
New Zealand,13336,1329.5435435435436
Nicaragua,13365,357.79390063944913
Nicaragua,13371,341.4088050314465
Nicaragua,13362,322.5184456468274
Nicaragua,13368,320.59119496855345
Nicaragua,13358,308.4082636497787
Nicaragua,13367,289.2587309394983
Nicaragua,13360,274.14067879980325
Nicaragua,13372,257.0068863748156
Nicaragua,13363,205.82375478927202
Nicaragua,13364,189.17624521072798
Niger,13373,494.0
Niger,13378,84.56769983686787
Niger,13377,43.06688417618271
Niger,13376,22.833278955954324
Niger,13374,22.739314845024467
Niger,13375,18.79282218597064
Nigeria,13379,6183.277241379312
Nigeria,13386,4317.931034482759
Nigeria,13380,3229.812413793104
Nigeria,13388,2878.6206896551726
Nigeria,13383,2590.7586206896553
Nigeria,13389,2590.7586206896553
Nigeria,13385,2138.4
Nigeria,13390,1688.2105263157896
Nigeria,13384,1519.3894736842105
Nigeria,13381,1295.3793103448277
North Korea,13414,2391.590013140604
North Korea,13419,1646.7805519053875
North Korea,13403,1366.622864651774
North Korea,13420,1366.622864651774
North Korea,13421,1366.622864651774
North Korea,13404,1279.8815472885435
North Korea,13408,1184.5203679369251
North Korea,13400,1024.9671484888304
North Korea,13401,768.7253613666229
North Korea,13410,691.1695137976347
Norway,13603,6474.449826081249
Norway,13435,6268.200039377831
Norway,13710,5066.570847279649
Norway,13699,3497.278991927545
Norway,13704,3228.257531010041
Norway,13673,3022.0077443066216
Norway,13608,2600.5407888692002
Norway,13664,2555.703878716283
Norway,13709,2152.1716873400273
Norway,13559,2062.497867034193
Oman,13735,5823.2758620689665
Oman,13733,4169.465517241379
Oman,13732,3983.120689655172
Oman,13734,3680.3103448275865
Oman,13729,2795.172413793104
Oman,13728,2742.7629310344832
Oman,13736,1892.564655172414
Oman,13730,1659.6336206896551
Oman,13731,1624.6939655172416
Pakistan,13787,13681.108440973265
Pakistan,13756,11122.701009684732
Pakistan,13739,10847.216154955695
Pakistan,13752,5703.739861820368
Pakistan,13790,5432.156326673677
Pakistan,13764,5381.1835386001785
Pakistan,13741,4614.655760054533
Pakistan,13767,3933.6136978071495
Pakistan,13791,3745.036102348405
Pakistan,13774,3142.249124253039
Panama,13801,1420.8298052497885
Panama,13807,1250.487804878049
Panama,13798,1231.385831216483
Panama,13800,1053.3084956251764
Panama,13795,768.5289634146343
Panama,13796,703.3993902439024
Panama,13808,695.5838414634147
Panama,13797,687.0
Panama,13802,568.3319220999152
Panama,13805,259.538244425628
Paraguay,13810,44170.319634703206
Paraguay,13811,9780.570776255709
Paraguay,13809,1325.1095890410961
Peru,13813,6476.12853695986
Peru,13824,4668.106588146966
Peru,13816,3598.5057716672136
Peru,13819,2837.2362629627887
Peru,13834,2789.197362864248
Peru,13840,2568.6105766974797
Peru,13837,2406.8469335085165
Peru,13821,2093.7859179644656
Peru,13814,2004.5159757256708
Peru,13818,1785.3988447759011
Philippines,13881,6964.230430958663
Philippines,13925,5808.091468777484
Philippines,13935,4610.9711039593185
Philippines,13912,4368.68690802057
Philippines,13869,3407.1215053886604
Philippines,13938,3403.2797316307756
Philippines,13918,2904.045734388742
Philippines,13897,2498.5557706183504
Philippines,13890,2469.6366194134835
Philippines,13928,2465.6992084432723
Poland,13943,23251.625440098192
Poland,14086,11358.113085047966
Poland,14106,9512.953488372092
Poland,14112,7542.3309861429625
Poland,14105,6896.452501695791
Poland,14122,6365.302432249104
Poland,14095,6339.807228915663
Poland,13949,5787.411156691107
Poland,14083,5715.1747472463585
Poland,14108,5286.0054911334355
Portugal,14512,7831.037411526794
Portugal,14295,4637.417812313213
Portugal,14408,4120.962588473205
Portugal,14146,3745.606694560672
Portugal,14453,2098.9250457038393
Portugal,14532,1766.9522068425174
Portugal,14406,1493.8777748759467
Portugal,14325,1474.2449725776964
Portugal,14145,620.4573956008604
Portugal,14252,589.0041951865754
Qatar,14605,10014.141069397043
Qatar,14597,7362.044368600684
Qatar,14598,4952.047781569965
Qatar,14604,3759.88813045127
Qatar,14603,2773.146757679181
Qatar,14599,2296.282897231703
Qatar,14600,2233.9237770193404
Qatar,14602,2079.8600682593856
Qatar,14601,1379.237011755783
Qatar,14595,1104.123246113007
Romania,14619,11676.0
Romania,14609,6717.911164465786
Romania,14635,5059.962114689168
Romania,14621,4047.9696917513343
Romania,14637,3951.932642487047
Romania,14618,3296.6419838126403
Romania,14607,2945.234093637455
Romania,14627,2079.1885441527447
Romania,14611,1938.4153661464584
Romania,14617,1931.9855346995005
Russia,14693,29966.713595627665
Russia,14653,25668.418063050267
Russia,14822,25668.418063050267
Russia,14868,25668.418063050267
Russia,14873,25668.418063050267
Russia,14976,25668.418063050267
Russia,14860,23312.40250362788
Russia,15009,19251.313547287704
Russia,14862,18959.607898815397
Russia,14957,17711.433712143382
Saudi Arabia,15199,20816.3723584541
Saudi Arabia,15151,19677.547930388046
Saudi Arabia,15154,18947.037457408413
Saudi Arabia,15179,17781.91948784596
Saudi Arabia,15171,13599.053507436643
Saudi Arabia,15181,13322.907260268756
Saudi Arabia,15178,11558.710015500496
Saudi Arabia,15196,11081.026239562134
Saudi Arabia,15188,9683.902655262524
Saudi Arabia,15195,9579.488982126315
Senegal,15222,2166.5157505420225
Senegal,15220,653.2674403775028
Senegal,15225,323.0
Senegal,15221,125.88317816605024
Senegal,15223,101.76661140160692
Senegal,15224,69.56701951281723
Serbia,15236,6887.065373563219
Serbia,15227,5278.687029288703
Serbia,15237,5055.822557471264
Serbia,15229,2984.451046025105
Serbia,15234,2774.730962643678
Serbia,15232,2460.234913793104
Serbia,15231,2456.253951149425
Serbia,15226,2041.4811715481171
Serbia,15228,1312.3807531380753
Serbia,15233,1118.6505028735633
Singapore,15246,13824.004815745393
Singapore,15243,7584.2420435510885
Singapore,15249,7239.503768844221
Singapore,15239,6402.282244556113
Singapore,15245,5983.671482412061
Singapore,15238,3939.865996649917
Singapore,15241,1034.214824120603
Singapore,15242,1034.214824120603
Singapore,15251,637.9746835443037
Singapore,15248,446.5822784810126
Slovakia,15252,7749.5
Slovakia,15269,7749.5
Slovakia,15279,2112.503576537912
Slovakia,15253,1413.0839430211215
Slovakia,15256,1384.2454952043638
Slovakia,15271,1243.4964234620884
Slovakia,15267,956.2774725274727
Slovakia,15274,484.81043956043953
Slovakia,15265,380.66751118120004
Slovakia,15268,179.95191437656726
Slovenia,15284,6370.0
Slovenia,15285,3127.2831188493565
Slovenia,15287,2715.355450236967
Slovenia,15283,1900.7488151658765
Slovenia,15282,1749.8957345971564
Slovenia,15280,374.0
Slovenia,15281,318.7040121120363
Slovenia,15286,313.01286903860716
South Africa,15333,23998.450017590592
South Africa,15351,23963.466854299644
South Africa,15353,23263.803588480678
South Africa,15344,21619.5949138061
South Africa,15380,21304.746444187567
South Africa,15314,20989.89797456903
South Africa,15354,20989.89797456903
South Africa,15341,17491.58164547419
South Africa,15337,13794.0
South Africa,15293,13713.400010051766
South Korea,15434,39989.65591957012
South Korea,15436,39989.65591957012
South Korea,15505,35493.9184498838
South Korea,15394,27947.967283373076
South Korea,15413,27947.967283373076
South Korea,15433,27947.967283373076
South Korea,15494,27947.967283373076
South Korea,15483,22638.21199514647
South Korea,15469,22637.853499532193
South Korea,15454,21262.29671520194
Spain,15591,16232.792209616211
Spain,15538,16020.314786673147
Spain,15592,8563.001112350179
Spain,16120,8413.059658205128
Spain,16116,8075.832233155339
Spain,15696,5773.658114082276
Spain,16108,5444.542222692812
Spain,15598,5183.446365891674
Spain,15520,4728.0
Spain,15515,4526.039693464082
Sri Lanka,16143,3202.0
Sri Lanka,16133,1386.6124481327802
Sri Lanka,16174,1088.9626556016597
Sri Lanka,16171,663.0505653048484
Sri Lanka,16140,634.6341125060693
Sri Lanka,16164,609.8190871369295
Sri Lanka,16162,580.7800829875519
Sri Lanka,16167,473.6075466463203
Sri Lanka,16159,397.8303391829089
Sri Lanka,16161,391.5155718942914
Sudan,16187,7234.530944604257
Sudan,16191,1351.9891429276433
Sudan,16181,1063.2308449145246
Sudan,16183,787.5784036403885
Sudan,16180,151.4573853154593
Sudan,16189,115.41052761038004
Sudan,16184,101.47644816135777
Sudan,16178,87.97189628638775
Sudan,16179,87.97189628638775
Sudan,16192,86.81437133525107
Sweden,16317,26131.567711534517
Sweden,16228,21446.228129481664
Sweden,16311,17299.204158983815
Sweden,16264,5080.710291743678
Sweden,16211,4641.216468225505
Sweden,16246,4338.5281020673965
Sweden,16361,4024.443937492871
Sweden,16338,2983.6720242690812
Sweden,16287,2420.809021360223
Sweden,16295,2306.2439853699248
Switzerland,16432,10002.467930029154
Switzerland,16431,8315.304664723033
Switzerland,16430,6105.924198250729
Switzerland,16381,5276.876331740417
Switzerland,16448,4106.518546101492
Switzerland,16433,3133.3032069970845
Switzerland,16462,1609.755270071785
Switzerland,16414,1429.0684540433194
Switzerland,16382,1396.216305674507
Switzerland,16379,1330.5120089368836
Syrian Arab Republic,16536,3599.176389842141
Syrian Arab Republic,16538,3359.2312971859988
Syrian Arab Republic,16545,2610.602608098833
Syrian Arab Republic,16528,1842.7783115991767
Syrian Arab Republic,16541,1594.6843853820599
Syrian Arab Republic,16532,1423.8032139836484
Syrian Arab Republic,16542,1255.8139534883721
Syrian Arab Republic,16543,1228.5188743994506
Syrian Arab Republic,16535,909.0950098674936
Syrian Arab Republic,16530,882.3569213419793
Taiwan,16578,48610.46511627908
Taiwan,16566,37120.71881606765
Taiwan,16552,26446.97507067592
Taiwan,16559,19444.186046511622
Taiwan,16562,16584.87917146145
Taiwan,16565,15462.960874568467
Taiwan,16560,14551.874411034009
Taiwan,16555,11454.393234672305
Taiwan,16580,10778.048059624774
Taiwan,16549,10341.15995397008
Tajikistan,16587,10293.615568453395
Tajikistan,16588,2389.8941618299764
Tajikistan,16582,2048.4807101399797
Tajikistan,16584,716.9682485489927
Tajikistan,16585,430.1809491293957
Tajikistan,16590,49.16353704335951
Tajikistan,16589,37.555479685899634
Tajikistan,16586,34.141345168999656
Tajikistan,16583,0.0
Tajikistan,16591,0.0
Tanzania,16602,1633.8680659670165
Tanzania,16593,963.0
Tanzania,16594,941.8181818181821
Tanzania,16595,831.0160427807486
Tanzania,16598,496.06596701649175
Tanzania,16596,369.3404634581106
Tanzania,16601,354.3328335832084
Tanzania,16600,313.93939393939394
Tanzania,16597,141.73313343328337
Tanzania,16592,96.951871657754
Thailand,16614,17948.376670465143
Thailand,16688,17146.311787072245
Thailand,16714,14922.86335854139
Thailand,16607,9616.223193916348
Thailand,16768,8298.6677716772
Thailand,16737,6923.06226043717
Thailand,16703,6550.50243447633
Thailand,16719,6550.50243447633
Thailand,16625,6268.012016989537
Thailand,16642,6010.085983632032
Togo,16772,120.0
Togo,16771,17.0
Togo,16773,0.0
Trinidad and Tobago,16776,4486.915029888984
Trinidad and Tobago,16779,3791.7591801878743
Trinidad and Tobago,16775,1242.8543979504698
Trinidad and Tobago,16774,345.4713919726729
Trinidad and Tobago,16777,23.025830258302584
Trinidad and Tobago,16778,0.9741697416974168
Tunisia,16796,2583.196046128501
Tunisia,16781,1793.476112026359
Tunisia,16789,1734.4316309719934
Tunisia,16802,1564.6787479406921
Tunisia,16803,1564.6787479406921
Tunisia,16786,1531.466227347611
Tunisia,16804,1383.8550247116968
Tunisia,16801,1343.2619439868206
Tunisia,16800,1180.8896210873147
Tunisia,16784,870.9060955518947
Turkey,16807,12037.899418309144
Turkey,16843,10995.2958664456
Turkey,16844,10478.275684637814
Turkey,16830,9871.638671316678
Turkey,16812,9313.256874964267
Turkey,16890,9001.506183995029
Turkey,16853,7969.004402264021
Turkey,16808,7927.642787719399
Turkey,16815,7048.775200520268
Turkey,16818,6417.94385684066
Turkmenistan,16905,6419.3384223918565
Turkmenistan,16906,4394.910941475827
Turkmenistan,16908,4394.910941475827
Turkmenistan,16907,3010.6870229007627
Turkmenistan,16911,2180.152671755725
Turkmenistan,16909,0.0
Turkmenistan,16910,0.0
Ukraine,16946,38332.77918323094
Ukraine,16940,19166.38959161547
Ukraine,16937,18112.238164076618
Ukraine,16925,12777.593061076976
Ukraine,16944,9557.830508474577
Ukraine,16928,8768.275862068966
Ukraine,16945,7500.241996233522
Ukraine,16947,6438.260828625235
Ukraine,16912,6196.660112994351
Ukraine,16933,4778.9152542372885
United Arab Emirates,16970,17940.592294909624
United Arab Emirates,16949,8917.087190965509
United Arab Emirates,16971,8073.083053549022
United Arab Emirates,16955,7757.498897819378
United Arab Emirates,16963,7559.341404686809
United Arab Emirates,16967,6341.03978024214
United Arab Emirates,16972,6131.8735374910975
United Arab Emirates,16962,5111.729406178994
United Arab Emirates,16974,4337.44734967952
United Arab Emirates,16957,3768.661952724929
United Kingdom,19368,16692.596616785948
United Kingdom,17537,16659.410540013014
United Kingdom,18852,16593.038386467142
United Kingdom,17664,16427.108002602472
United Kingdom,17726,16261.1776187378
United Kingdom,16992,13158.279440468445
United Kingdom,18031,8792.334604171341
United Kingdom,19031,8563.590939672573
United Kingdom,19242,8470.663825969947
United Kingdom,18006,8434.922628392016
United States of America,19513,450562.6923495511
United States of America,20013,34414.53978544887
United States of America,20719,18468.400121552688
United States of America,19719,10372.339739994937
United States of America,21257,10372.339739994937
United States of America,20268,8718.987181848906
United States of America,21348,8674.38166545426
United States of America,19869,8668.040743184192
United States of America,19537,8334.010811804319
United States of America,20702,7478.765544086824
Uruguay,21439,5928.676853055918
Uruguay,21385,2089.1527958387524
Uruguay,21390,953.6072821846553
Uruguay,21436,916.9388707419507
Uruguay,21438,677.5630689206763
Uruguay,21407,631.112188030046
Uruguay,21445,564.4947904046522
Uruguay,21408,244.51703219785347
Uruguay,21411,75.10604580484096
Uruguay,21395,49.08650351344802
Uzbekistan,21460,14376.07833993938
Uzbekistan,21463,10686.218232688272
Uzbekistan,21458,8424.381907204477
Uzbekistan,21452,6433.859649122806
Uzbekistan,21462,3833.620890650501
Uzbekistan,21461,3498.179062718583
Uzbekistan,21459,1884.3378271213323
Uzbekistan,21456,1712.2368421052633
Uzbekistan,21453,1307.5263157894738
Uzbekistan,21455,1245.2631578947369
Venezuela,21501,43685.84252235933
Venezuela,21467,14461.588361824974
Venezuela,21486,12487.3100871731
Venezuela,21475,10838.787727838786
Venezuela,21490,3370.513775130305
Venezuela,21497,2898.6418466120617
Venezuela,21480,2672.817423678332
Venezuela,21474,2536.9475829276566
Venezuela,21504,2190.8339538346977
Venezuela,21484,1480.7087059889054
Vietnam,21528,9412.89914662529
Vietnam,21679,8388.348958125001
Vietnam,21652,7416.778510473236
Vietnam,21660,6763.613653995346
Vietnam,21598,6710.679166500001
Vietnam,21661,5469.492629945696
Vietnam,21662,4474.484484096199
Vietnam,21663,4474.484484096199
Vietnam,21615,4194.174479062502
Vietnam,21656,4028.867339022498
Yemen,21733,2948.0
Yemen,21730,1165.3953488372092
Yemen,21734,1092.5581395348836
Yemen,21729,1012.4372093023256
Yemen,21728,910.4651162790698
Yemen,21731,298.63255813953486
Yemen,21732,218.51162790697674
Zambia,21737,6435.916666666666
Zambia,21738,6045.86111111111
Zambia,21736,780.1111111111112
Zambia,21748,702.1
Zambia,21746,120.87264150943398
Zambia,21739,96.69811320754715
Zambia,21742,78.01111111111112
Zambia,21735,48.349056603773576
Zambia,21747,48.349056603773576
Zambia,21741,36.261792452830186
